model      ,capacity  ,thickness (mm) ,width (mm) ,length (mm) ,voltage
LP1496107  ,1500 mAh  ,1.4            ,96         ,107         ,3.7V   
LP158098   ,1220 mAh  ,1.5            ,80         ,98          ,3.7V   
LP1510192  ,1700 mAh  ,1.5            ,101        ,92          ,3.7V   
LP188595   ,2050 mAh  ,1.8            ,85         ,95          ,3.7V   
LP189292   ,2000 mAh  ,1.8            ,92         ,92          ,3.7V   
LP1896142  ,3200 mAh  ,1.8            ,96         ,142         ,3.7V   
LP199084   ,2000 mAh  ,1.9            ,90         ,84          ,3.7V   
LP201570   ,140 mAh   ,2.0            ,15         ,70          ,3.7V   
LP202051   ,120 mAh   ,2.0            ,20         ,51          ,3.7V   
LP2165136  ,2300 mAh  ,2.1            ,65         ,136         ,3.7V   
LP23108130 ,4650 mAh  ,2.3            ,108        ,130         ,3.7V   
LP2390135  ,3800 mAh  ,2.3            ,90         ,135         ,3.7V   
LP245367   ,1000 mAh  ,2.4            ,53         ,67          ,3.7V   
LP246586   ,2000 mAh  ,2.4            ,65         ,86          ,3.7V   
LP246588   ,2100 mAh  ,2.4            ,65         ,88          ,3.7V   
LP2481119  ,3200 mAh  ,2.4            ,81         ,119         ,3.7V   
LP2492101  ,3200 mAh  ,2.4            ,92         ,101         ,3.7V   
LP25100115 ,4000 mAh  ,2.5            ,100        ,115         ,3.7V   
LP2558112  ,2400 mAh  ,2.5            ,58         ,112         ,3.7V   
LP255875   ,1500 mAh  ,2.5            ,58         ,75          ,3.7V   
LP256070   ,1200 mAh  ,2.5            ,60         ,70          ,3.7V   
LP256599   ,2100 mAh  ,2.5            ,65         ,99          ,3.7V   
LP258396   ,2880 mAh  ,2.5            ,83         ,96          ,3.7V   
LP266380   ,1650 mAh  ,2.6            ,63         ,80          ,3.7V   
LP2688127  ,3200 mAh  ,2.6            ,88         ,127         ,3.7V   
LP2766111  ,2800 mAh  ,2.7            ,66         ,111         ,3.7V   
LP278496   ,3520 mAh  ,2.7            ,84         ,96          ,3.7V   
LP284065   ,1000 mAh  ,2.8            ,40         ,65          ,3.7V   
LP2852145  ,3500 mAh  ,2.8            ,52         ,145         ,3.7V   
LP2858120  ,2400 mAh  ,2.8            ,58         ,120         ,3.7V   
LP2866103  ,2500 mAh  ,2.8            ,66         ,103         ,3.7V   
LP2868147  ,3700 mAh  ,2.8            ,68         ,147         ,3.7V   
LP2869121  ,3030 mAh  ,2.8            ,69         ,121         ,3.7V   
LP2898122  ,5020 mAh  ,2.8            ,98         ,122         ,3.7V   
LP2898125  ,5000 mAh  ,2.8            ,98         ,125         ,3.7V   
LP29100100 ,3500 mAh  ,2.9            ,100        ,100         ,3.7V   
LP2950138  ,4020 mAh  ,2.9            ,50         ,138         ,3.7V   
LP2952145  ,3500 mAh  ,2.9            ,52         ,145         ,3.7V   
LP295476   ,1500 mAh  ,2.9            ,54         ,76          ,3.7V   
LP295586   ,1850 mAh  ,2.9            ,55         ,86          ,3.7V   
LP2983122  ,4200 mAh  ,2.9            ,83         ,122         ,3.7V   
LP298645   ,1400 mAh  ,2.9            ,86         ,45          ,3.7V   
LP299097   ,4020 mAh  ,2.9            ,90         ,97          ,3.7V   
LP30100102 ,4000 mAh  ,3.0            ,100        ,102         ,3.7V   
LP30102125 ,5000 mAh  ,3.0            ,102        ,125         ,3.7V   
LP301643   ,160 mAh   ,3.0            ,16         ,43          ,3.7V   
LP302248   ,300 mAh   ,3.0            ,22         ,48          ,3.7V   
LP303046   ,400 mAh   ,3.0            ,30         ,46          ,3.7V   
LP303072   ,800 mAh   ,3.0            ,30         ,72          ,3.7V   
LP303947   ,700 mAh   ,3.0            ,39         ,47          ,3.7V   
LP304093   ,1400 mAh  ,3.0            ,40         ,93          ,3.7V   
LP304463   ,500 mAh   ,3.0            ,44         ,63          ,3.7V   
LP304466   ,1000 mAh  ,3.0            ,44         ,66          ,3.7V   
LP305070   ,1525 mAh  ,3.0            ,50         ,70          ,3.7V   
LP305673   ,1850 mAh  ,3.0            ,56         ,73          ,3.7V   
LP3060134  ,3625 mAh  ,3.0            ,60         ,134         ,3.7V   
LP306262   ,1700 mAh  ,3.0            ,62         ,62          ,3.7V   
LP3065121  ,3450 mAh  ,3.0            ,65         ,121         ,3.7V   
LP3066123  ,3770 mAh  ,3.0            ,66         ,123         ,3.7V   
LP306887   ,2000 mAh  ,3.0            ,68         ,87          ,3.7V   
LP3069121  ,3030 mAh  ,3.0            ,69         ,121         ,3.7V   
LP306998   ,2600 mAh  ,3.0            ,69         ,98          ,3.7V   
LP307095   ,2500 mAh  ,3.0            ,70         ,95          ,3.7V   
LP3072139  ,4750 mAh  ,3.0            ,72         ,139         ,3.7V   
LP3092140  ,6000 mAh  ,3.0            ,92         ,140         ,3.7V   
LP309594   ,4020 mAh  ,3.0            ,95         ,94          ,3.7V   
LP309595   ,4000 mAh  ,3.0            ,95         ,95          ,3.7V   
LP309781   ,3750 mAh  ,3.0            ,97         ,81          ,3.7V   
LP31100100 ,4000 mAh  ,3.1            ,100        ,100         ,3.7V   
LP3110794  ,5000 mAh  ,3.1            ,107        ,94          ,3.7V   
LP315073   ,1500 mAh  ,3.1            ,50         ,73          ,3.7V   
LP3153100  ,2550 mAh  ,3.1            ,53         ,100         ,3.7V   
LP3161147  ,4000 mAh  ,3.1            ,61         ,147         ,3.7V   
LP3165115  ,3250 mAh  ,3.1            ,65         ,115         ,3.7V   
LP316678   ,2050 mAh  ,3.1            ,66         ,78          ,3.7V   
LP3172120  ,4000 mAh  ,3.1            ,72         ,120         ,3.7V   
LP3192140  ,7000 mAh  ,3.1            ,92         ,140         ,3.7V   
LP321026   ,40 mAh    ,3.2            ,10         ,26          ,3.7V   
LP322988   ,1100 mAh  ,3.2            ,29         ,88          ,3.7V   
LP325883   ,2500 mAh  ,3.2            ,58         ,83          ,3.7V   
LP325987   ,2250 mAh  ,3.2            ,59         ,87          ,3.7V   
LP326990   ,2500 mAh  ,3.2            ,69         ,90          ,3.7V   
LP3280128  ,5000 mAh  ,3.2            ,80         ,128         ,3.7V   
LP3298103  ,4150 mAh  ,3.2            ,98         ,103         ,3.7V   
LP3310099  ,5150 mAh  ,3.3            ,100        ,99          ,3.7V   
LP333564   ,800 mAh   ,3.3            ,35         ,64          ,3.7V   
LP3349118  ,2930 mAh  ,3.3            ,49         ,118         ,3.7V   
LP336678   ,2200 mAh  ,3.3            ,66         ,78          ,3.7V   
LP343994   ,1810 mAh  ,3.4            ,39         ,94          ,3.7V   
LP345054   ,900 mAh   ,3.4            ,50         ,54          ,3.7V   
LP345367   ,1700 mAh  ,3.4            ,53         ,67          ,3.7V   
LP352044   ,270 mAh   ,3.5            ,20         ,44          ,3.7V   
LP353040   ,350 mAh   ,3.5            ,30         ,40          ,3.7V   
LP353955   ,1000 mAh  ,3.5            ,39         ,55          ,3.7V   
LP354081   ,1200 mAh  ,3.5            ,40         ,81          ,3.7V   
LP354271   ,1600 mAh  ,3.5            ,42         ,71          ,3.7V   
LP354350   ,1100 mAh  ,3.5            ,43         ,50          ,3.7V   
LP355268   ,1500 mAh  ,3.5            ,52         ,68          ,3.7V   
LP3553123  ,2500 mAh  ,3.5            ,53         ,123         ,3.7V   
LP355659   ,1550 mAh  ,3.5            ,56         ,59          ,3.7V   
LP3558132  ,4400 mAh  ,3.5            ,58         ,132         ,3.7V   
LP356269   ,2150 mAh  ,3.5            ,62         ,69          ,3.7V   
LP3563133  ,4750 mAh  ,3.5            ,63         ,33          ,3.7V   
LP3563137  ,4100 mAh  ,3.5            ,63         ,37          ,3.7V   
LP3571123  ,5000 mAh  ,3.5            ,71         ,23          ,3.7V   
LP362248   ,400 mAh   ,3.6            ,22         ,48          ,3.7V   
LP363084   ,1100 mAh  ,3.6            ,30         ,84          ,3.7V   
LP365266   ,1350 mAh  ,3.6            ,52         ,66          ,3.7V   
LP365479   ,2500 mAh  ,3.6            ,54         ,79          ,3.7V   
LP366073   ,2000 mAh  ,3.6            ,60         ,73          ,3.7V   
LP3666100  ,2600 mAh  ,3.6            ,66         ,100         ,3.7V   
LP3670138  ,5000 mAh  ,3.6            ,70         ,138         ,3.7V   
LP367275   ,3050 mAh  ,3.6            ,72         ,75          ,3.7V   
LP373654   ,1000 mAh  ,3.7            ,36         ,54          ,3.7V   
LP373664   ,1250 mAh  ,3.7            ,36         ,64          ,3.7V   
LP373966   ,1200 mAh  ,3.7            ,39         ,66          ,3.7V   
LP374065   ,1220 mAh  ,3.7            ,40         ,65          ,3.7V   
LP374249   ,900 mAh   ,3.7            ,42         ,49          ,3.7V   
LP374270   ,1400 mAh  ,3.7            ,42         ,70          ,3.7V   
LP374448   ,1020 mAh  ,3.7            ,44         ,48          ,3.7V   
LP375292   ,2400 mAh  ,3.7            ,52         ,92          ,3.7V   
LP376073   ,2000 mAh  ,3.7            ,60         ,73          ,3.7V   
LP376176   ,2150 mAh  ,3.7            ,61         ,76          ,3.7V   
LP3772100  ,4500 mAh  ,3.7            ,72         ,100         ,3.7V   
LP382846   ,600 mAh   ,3.8            ,28         ,46          ,3.7V   
LP383759   ,1000 mAh  ,3.8            ,37         ,59          ,3.7V   
LP384074   ,1800 mAh  ,3.8            ,40         ,74          ,3.7V   
LP384354   ,1200 mAh  ,3.8            ,43         ,54          ,3.7V   
LP384377   ,1800 mAh  ,3.8            ,43         ,77          ,3.7V   
LP385085   ,1920 mAh  ,3.8            ,50         ,85          ,3.7V   
LP393952   ,1150 mAh  ,3.9            ,39         ,52          ,3.7V   
LP395759   ,2050 mAh  ,3.9            ,57         ,59          ,3.7V   
LP395780   ,3000 mAh  ,3.9            ,57         ,80          ,3.7V   
LP395880   ,3000 mAh  ,3.9            ,58         ,80          ,3.7V   
LP396281   ,3000 mAh  ,3.9            ,62         ,81          ,3.7V   
LP396283   ,3200 mAh  ,3.9            ,62         ,83          ,3.7V   
LP396681   ,3400 mAh  ,3.9            ,66         ,81          ,3.7V   
LP402340   ,350 mAh   ,4.0            ,23         ,40          ,3.7V   
LP4027110  ,1000 mAh  ,4.0            ,27         ,110         ,3.7V   
LP403035   ,430 mAh   ,4.0            ,30         ,35          ,3.7V   
LP403496   ,1550 mAh  ,4.0            ,34         ,96          ,3.7V   
LP403578   ,1500 mAh  ,4.0            ,35         ,78          ,3.7V   
LP404050   ,850 mAh   ,4.0            ,40         ,50          ,3.7V   
LP404149   ,1200 mAh  ,4.0            ,41         ,49          ,3.7V   
LP404265   ,1370 mAh  ,4.0            ,42         ,65          ,3.7V   
LP404376   ,2000 mAh  ,4.0            ,43         ,76          ,3.7V   
LP404655   ,1300 mAh  ,4.0            ,46         ,55          ,3.7V   
LP404668   ,1850 mAh  ,4.0            ,46         ,68          ,3.7V   
LP404860   ,1600 mAh  ,4.0            ,48         ,60          ,3.7V   
LP4050109  ,2800 mAh  ,4.0            ,50         ,109         ,3.7V   
LP405070   ,1500 mAh  ,4.0            ,50         ,70          ,3.7V   
LP405080   ,2100 mAh  ,4.0            ,50         ,80          ,3.7V   
LP405465   ,1500 mAh  ,4.0            ,54         ,65          ,3.7V   
LP405566   ,2250 mAh  ,4.0            ,55         ,66          ,3.7V   
LP4056105  ,3000 mAh  ,4.0            ,56         ,105         ,3.7V   
LP405665   ,2200 mAh  ,4.0            ,56         ,65          ,3.7V   
LP405779   ,3000 mAh  ,4.0            ,57         ,79          ,3.7V   
LP4060100  ,3000 mAh  ,4.0            ,60         ,100         ,3.7V   
LP406063   ,1550 mAh  ,4.0            ,60         ,63          ,3.7V   
LP406395   ,2800 mAh  ,4.0            ,63         ,95          ,3.7V   
LP4065116  ,4000 mAh  ,4.0            ,65         ,116         ,3.7V   
LP4088110  ,5000 mAh  ,4.0            ,88         ,110         ,3.7V   
LP4088111  ,5020 mAh  ,4.0            ,88         ,111         ,3.7V   
LP412340   ,350 mAh   ,4.1            ,23         ,40          ,3.7V   
LP413068   ,1200 mAh  ,4.1            ,30         ,68          ,3.7V   
LP414356   ,1000 mAh  ,4.1            ,43         ,56          ,3.7V   
LP414367   ,1800 mAh  ,4.1            ,43         ,67          ,3.7V   
LP414565   ,1550 mAh  ,4.1            ,45         ,65          ,3.7V   
LP414879   ,1800 mAh  ,4.1            ,48         ,79          ,3.7V   
LP4154115  ,4050 mAh  ,4.1            ,54         ,115         ,3.7V   
LP4155107  ,4000 mAh  ,4.1            ,55         ,107         ,3.7V   
LP415780   ,3000 mAh  ,4.1            ,57         ,80          ,3.7V   
LP416072   ,2800 mAh  ,4.1            ,60         ,72          ,3.7V   
LP4167124  ,4300 mAh  ,4.1            ,67         ,124         ,3.7V   
LP4180100  ,5000 mAh  ,4.1            ,80         ,100         ,3.7V   
LP4188110  ,5000 mAh  ,4.1            ,88         ,110         ,3.7V   
LP4188111  ,5000 mAh  ,4.1            ,88         ,111         ,3.7V   
LP422675   ,1180 mAh  ,4.2            ,26         ,75          ,3.7V   
LP423458   ,1280 mAh  ,4.2            ,34         ,58          ,3.7V   
LP424250   ,1150 mAh  ,4.2            ,42         ,50          ,3.7V   
LP424348   ,1000 mAh  ,4.2            ,43         ,48          ,3.7V   
LP424985   ,2400 mAh  ,4.2            ,49         ,85          ,3.7V   
LP425063   ,1600 mAh  ,4.2            ,50         ,63          ,3.7V   
LP425763   ,1600 mAh  ,4.2            ,57         ,63          ,3.7V   
LP425995   ,4000 mAh  ,4.2            ,59         ,95          ,3.7V   
LP426084   ,3500 mAh  ,4.2            ,60         ,84          ,3.7V   
LP426386   ,3700 mAh  ,4.2            ,63         ,86          ,3.7V   
LP426897   ,4500 mAh  ,4.2            ,68         ,97          ,3.7V   
LP427199   ,5000 mAh  ,4.2            ,71         ,99          ,3.7V   
LP4277100  ,4300 mAh  ,4.2            ,77         ,100         ,3.7V   
LP428785   ,4250 mAh  ,4.2            ,87         ,85          ,3.7V   
LP429076   ,3900 mAh  ,4.2            ,90         ,76          ,3.7V   
LP433438   ,750 mAh   ,4.3            ,34         ,38          ,3.7V   
LP4343127  ,3815 mAh  ,4.3            ,43         ,127         ,3.7V   
LP4350130  ,3600 mAh  ,4.3            ,50         ,130         ,3.7V   
LP435157   ,1600 mAh  ,4.3            ,51         ,57          ,3.7V   
LP4357115  ,4600 mAh  ,4.3            ,57         ,115         ,3.7V   
LP436043   ,1400 mAh  ,4.3            ,60         ,43          ,3.7V   
LP436074   ,1700 mAh  ,4.3            ,60         ,74          ,3.7V   
LP436165   ,2400 mAh  ,4.3            ,61         ,65          ,3.7V   
LP436484   ,4000 mAh  ,4.3            ,64         ,84          ,3.7V   
LP436596   ,4400 mAh  ,4.3            ,65         ,96          ,3.7V   
LP4384115  ,5000 mAh  ,4.3            ,84         ,115         ,3.7V   
LP439593   ,5000 mAh  ,4.3            ,95         ,93          ,3.7V   
LP442982   ,1000 mAh  ,4.4            ,29         ,82          ,3.7V   
LP443565   ,1250 mAh  ,4.4            ,35         ,65          ,3.7V   
LP4441110  ,3100 mAh  ,4.4            ,41         ,110         ,3.7V   
LP444261   ,1500 mAh  ,4.4            ,42         ,61          ,3.7V   
LP444763   ,1900 mAh  ,4.4            ,47         ,63          ,3.7V   
LP444958   ,1500 mAh  ,4.4            ,49         ,58          ,3.7V   
LP445385   ,2800 mAh  ,4.4            ,53         ,85          ,3.7V   
LP451645   ,260 mAh   ,4.5            ,16         ,45          ,3.7V   
LP452050   ,340 mAh   ,4.5            ,20         ,50          ,3.7V   
LP452480   ,1000 mAh  ,4.5            ,24         ,80          ,3.7V   
LP453640   ,600 mAh   ,4.5            ,36         ,40          ,3.7V   
LP454068   ,1850 mAh  ,4.5            ,40         ,68          ,3.7V   
LP454260   ,1400 mAh  ,4.5            ,42         ,60          ,3.7V   
LP454262   ,1450 mAh  ,4.5            ,42         ,62          ,3.7V   
LP454880   ,2000 mAh  ,4.5            ,48         ,80          ,3.7V   
LP4550105  ,2700 mAh  ,4.5            ,50         ,105         ,3.7V   
LP455070   ,2100 mAh  ,4.5            ,50         ,70          ,3.7V   
LP4553102  ,4000 mAh  ,4.5            ,53         ,102         ,3.7V   
LP455486   ,3400 mAh  ,4.5            ,54         ,86          ,3.7V   
LP455886   ,4000 mAh  ,4.5            ,58         ,86          ,3.7V   
LP456380   ,4000 mAh  ,4.5            ,63         ,80          ,3.7V   
LP456385   ,3600 mAh  ,4.5            ,63         ,85          ,3.7V   
LP4572135  ,6300 mAh  ,4.5            ,72         ,135         ,3.7V   
LP4572136  ,6320 mAh  ,4.5            ,72         ,136         ,3.7V   
LP464159   ,1590 mAh  ,4.6            ,41         ,59          ,3.7V   
LP465277   ,3000 mAh  ,4.6            ,52         ,77          ,3.7V   
LP465375   ,2950 mAh  ,4.6            ,53         ,75          ,3.7V   
LP465466   ,2000 mAh  ,4.6            ,54         ,66          ,3.7V   
LP465466   ,2450 mAh  ,4.6            ,54         ,66          ,3.7V   
LP465467   ,2500 mAh  ,4.6            ,54         ,67          ,3.7V   
LP466480   ,3500 mAh  ,4.6            ,64         ,80          ,3.7V   
LP466589   ,5000 mAh  ,4.6            ,65         ,89          ,3.7V   
LP466652   ,2600 mAh  ,4.6            ,66         ,52          ,3.7V   
LP466666   ,3020 mAh  ,4.6            ,66         ,66          ,3.7V   
LP466684   ,4300 mAh  ,4.6            ,66         ,84          ,3.7V   
LP4672133  ,6300 mAh  ,4.6            ,72         ,133         ,3.7V   
LP4672135  ,6300 mAh  ,4.6            ,72         ,135         ,3.7V   
LP473040   ,580 mAh   ,4.7            ,30         ,40          ,3.7V   
LP474067   ,1750 mAh  ,4.7            ,40         ,67          ,3.7V   
LP474197   ,2550 mAh  ,4.7            ,41         ,97          ,3.7V   
LP474846   ,1530 mAh  ,4.7            ,48         ,46          ,3.7V   
LP475266   ,2500 mAh  ,4.7            ,52         ,66          ,3.7V   
LP475775   ,3020 mAh  ,4.7            ,57         ,75          ,3.7V   
LP475868   ,2400 mAh  ,4.7            ,58         ,68          ,3.7V   
LP476261   ,2600 mAh  ,4.7            ,62         ,61          ,3.7V   
LP476490   ,4000 mAh  ,4.7            ,64         ,90          ,3.7V   
LP476495   ,4950 mAh  ,4.7            ,64         ,95          ,3.7V   
LP478074   ,3600 mAh  ,4.7            ,80         ,74          ,3.7V   
LP478666   ,4200 mAh  ,4.7            ,86         ,66          ,3.7V   
LP483052   ,760 mAh   ,4.8            ,30         ,52          ,3.7V   
LP483764   ,1400 mAh  ,4.8            ,37         ,64          ,3.7V   
LP484254   ,1450 mAh  ,4.8            ,42         ,54          ,3.7V   
LP484588   ,3030 mAh  ,4.8            ,45         ,88          ,3.7V   
LP484594   ,2200 mAh  ,4.8            ,45         ,94          ,3.7V   
LP485265   ,2500 mAh  ,4.8            ,52         ,65          ,3.7V   
LP4853145  ,5000 mAh  ,4.8            ,53         ,145         ,3.7V   
LP485490   ,4000 mAh  ,4.8            ,54         ,90          ,3.7V   
LP4860100  ,5050 mAh  ,4.8            ,60         ,100         ,3.7V   
LP4860100  ,4900 mAh  ,4.8            ,60         ,100         ,3.7V   
LP486079   ,3000 mAh  ,4.8            ,60         ,79          ,3.7V   
LP486762   ,2520 mAh  ,4.8            ,67         ,62          ,3.7V   
LP4874132  ,7500 mAh  ,4.8            ,74         ,132         ,3.7V   
LP489670   ,5000 mAh  ,4.8            ,96         ,70          ,3.7V   
LP491730   ,200 mAh   ,4.9            ,17         ,30          ,3.7V   
LP493238   ,700 mAh   ,4.9            ,32         ,38          ,3.7V   
LP493975   ,1600 mAh  ,4.9            ,39         ,75          ,3.7V   
LP495055   ,1700 mAh  ,4.9            ,50         ,55          ,3.7V   
LP495486   ,2750 mAh  ,4.9            ,54         ,86          ,3.7V   
LP4956121  ,5000 mAh  ,4.9            ,56         ,121         ,3.7V   
LP496292   ,5000 mAh  ,4.9            ,62         ,92          ,3.7V   
LP496385   ,3800 mAh  ,4.9            ,63         ,85          ,3.7V   
LP496774   ,3750 mAh  ,4.9            ,67         ,74          ,3.7V   
LP496867   ,3600 mAh  ,4.9            ,68         ,67          ,3.7V   
LP501245   ,210 mAh   ,5.0            ,12         ,45          ,3.7V   
LP501543   ,280 mAh   ,5.0            ,15         ,43          ,3.7V   
LP501630   ,210 mAh   ,5.0            ,16         ,30          ,3.7V   
LP501653   ,400 mAh   ,5.0            ,16         ,53          ,3.7V   
LP501738   ,280 mAh   ,5.0            ,17         ,38          ,3.7V   
LP502050   ,500 mAh   ,5.0            ,20         ,50          ,3.7V   
LP502240   ,450 mAh   ,5.0            ,22         ,40          ,3.7V   
LP5025125  ,2200 mAh  ,5.0            ,25         ,125         ,3.7V   
LP502968   ,1200 mAh  ,5.0            ,29         ,68          ,3.7V   
LP503045   ,650 mAh   ,5.0            ,30         ,45          ,3.7V   
LP503068   ,1500 mAh  ,5.0            ,30         ,68          ,3.7V   
LP503448   ,1000 mAh  ,5.0            ,34         ,48          ,3.7V   
LP503450   ,900 mAh   ,5.0            ,34         ,50          ,3.7V   
LP503471   ,1600 mAh  ,5.0            ,34         ,71          ,3.7V   
LP503471   ,1800 mAh  ,5.0            ,34         ,71          ,3.7V   
LP503495   ,1850 mAh  ,5.0            ,34         ,95          ,3.7V   
LP503561   ,1200 mAh  ,5.0            ,35         ,61          ,3.7V   
LP5036108  ,3150 mAh  ,5.0            ,36         ,108         ,3.7V   
LP503986   ,2000 mAh  ,5.0            ,39         ,86          ,3.7V   
LP504045   ,1200 mAh  ,5.0            ,40         ,45          ,3.7V   
LP504046   ,1050 mAh  ,5.0            ,40         ,46          ,3.7V   
LP504058   ,1500 mAh  ,5.0            ,40         ,58          ,3.7V   
LP504065   ,1600 mAh  ,5.0            ,40         ,65          ,3.7V   
LP504154   ,1550 mAh  ,5.0            ,41         ,54          ,3.7V   
LP504253   ,1500 mAh  ,5.0            ,42         ,53          ,3.7V   
LP504354   ,1650 mAh  ,5.0            ,43         ,54          ,3.7V   
LP504383   ,2300 mAh  ,5.0            ,43         ,83          ,3.7V   
LP5045116  ,4400 mAh  ,5.0            ,45         ,116         ,3.7V   
LP504658   ,1980 mAh  ,5.0            ,46         ,58          ,3.7V   
LP504860   ,1500 mAh  ,5.0            ,48         ,60          ,3.7V   
LP5049131  ,5100 mAh  ,5.0            ,49         ,131         ,3.7V   
LP5050110  ,3000 mAh  ,5.0            ,50         ,110         ,3.7V   
LP5050130  ,4320 mAh  ,5.0            ,50         ,130         ,3.7V   
LP505059   ,2000 mAh  ,5.0            ,50         ,59          ,3.7V   
LP505060   ,2000 mAh  ,5.0            ,50         ,60          ,3.7V   
LP505192   ,3000 mAh  ,5.0            ,51         ,92          ,3.7V   
LP505198   ,3200 mAh  ,5.0            ,51         ,98          ,3.7V   
LP505571   ,3000 mAh  ,5.0            ,55         ,71          ,3.7V   
LP505573   ,2500 mAh  ,5.0            ,55         ,73          ,3.7V   
LP505585   ,2600 mAh  ,5.0            ,55         ,85          ,3.7V   
LP505665   ,1550 mAh  ,5.0            ,56         ,115         ,3.7V   
LP5059115  ,3650 mAh  ,5.0            ,59         ,115         ,3.7V   
LP505973   ,3450 mAh  ,5.0            ,59         ,73          ,3.7V   
LP506080   ,1930 mAh  ,5.0            ,60         ,80          ,3.7V   
LP506568   ,3500 mAh  ,5.0            ,65         ,68          ,3.7V   
LP506584   ,2400 mAh  ,5.0            ,65         ,84          ,3.7V   
LP506584   ,3550 mAh  ,5.0            ,65         ,84          ,3.7V   
LP508075   ,3600 mAh  ,5.0            ,80         ,75          ,3.7V   
LP514568   ,1600 mAh  ,5.1            ,45         ,68          ,3.7V   
LP515060   ,2000 mAh  ,5.1            ,50         ,60          ,3.7V   
LP515070   ,2600 mAh  ,5.1            ,50         ,70          ,3.7V   
LP515476   ,1800 mAh  ,5.1            ,54         ,76          ,3.7V   
LP515479   ,1900 mAh  ,5.1            ,54         ,79          ,3.7V   
LP515570   ,1700 mAh  ,5.1            ,55         ,70          ,3.7V   
LP516281   ,3700 mAh  ,5.1            ,62         ,81          ,3.7V   
LP516570   ,3000 mAh  ,5.1            ,65         ,70          ,3.7V   
LP516583   ,3700 mAh  ,5.1            ,65         ,83          ,3.7V   
LP516584   ,4750 mAh  ,5.1            ,65         ,84          ,3.7V   
LP516783   ,3500 mAh  ,5.1            ,67         ,83          ,3.7V   
LP517183   ,4000 mAh  ,5.1            ,71         ,83          ,3.7V   
LP522272   ,1100 mAh  ,5.2            ,22         ,72          ,3.7V   
LP523036   ,720 mAh   ,5.2            ,30         ,36          ,3.7V   
LP523860   ,1800 mAh  ,5.2            ,38         ,60          ,3.7V   
LP524460   ,1700 mAh  ,5.2            ,44         ,60          ,3.7V   
LP524658   ,1800 mAh  ,5.2            ,46         ,58          ,3.7V   
LP5248143  ,4300 mAh  ,5.2            ,48         ,143         ,3.7V   
LP525060   ,2000 mAh  ,5.2            ,50         ,60          ,3.7V   
LP525070   ,2500 mAh  ,5.2            ,50         ,70          ,3.7V   
LP526274   ,2100 mAh  ,5.2            ,62         ,74          ,3.7V   
LP526577   ,3800 mAh  ,5.2            ,65         ,77          ,3.7V   
LP5271165  ,8500 mAh  ,5.2            ,71         ,165         ,3.7V   
LP5272100  ,3000 mAh  ,5.2            ,72         ,100         ,3.7V   
LP528275   ,5000 mAh  ,5.2            ,82         ,75          ,3.7V   
LP531434   ,205 mAh   ,5.3            ,14         ,34          ,3.7V   
LP533136   ,700 mAh   ,5.3            ,31         ,36          ,3.7V   
LP533477   ,1850 mAh  ,5.3            ,34         ,77          ,3.7V   
LP534272   ,2000 mAh  ,5.3            ,42         ,72          ,3.7V   
LP534487   ,3220 mAh  ,5.3            ,44         ,87          ,3.7V   
LP534490   ,2650 mAh  ,5.3            ,44         ,90          ,3.7V   
LP534740   ,1000 mAh  ,5.3            ,47         ,40          ,3.7V   
LP534758   ,1850 mAh  ,5.3            ,47         ,58          ,3.7V   
LP535058   ,1850 mAh  ,5.3            ,50         ,58          ,3.7V   
LP535060   ,2000 mAh  ,5.3            ,50         ,60          ,3.7V   
LP535068   ,2900 mAh  ,5.3            ,50         ,68          ,3.7V   
LP535068   ,2700 mAh  ,5.3            ,50         ,68          ,3.7V   
LP536062   ,2500 mAh  ,5.3            ,60         ,62          ,3.7V   
LP543048   ,1000 mAh  ,5.4            ,30         ,48          ,3.7V   
LP543061   ,1350 mAh  ,5.4            ,30         ,61          ,3.7V   
LP543877   ,2270 mAh  ,5.4            ,38         ,77          ,3.7V   
LP544497   ,3620 mAh  ,5.4            ,44         ,97          ,3.7V   
LP545169   ,2400 mAh  ,5.4            ,51         ,69          ,3.7V   
LP545385   ,3600 mAh  ,5.4            ,53         ,85          ,3.7V   
LP546069   ,2100 mAh  ,5.4            ,60         ,69          ,3.7V   
LP546080   ,2300 mAh  ,5.4            ,60         ,80          ,3.7V   
LP546081   ,4000 mAh  ,5.4            ,60         ,81          ,3.7V   
LP546381   ,3800 mAh  ,5.4            ,63         ,81          ,3.7V   
LP546582   ,4500 mAh  ,5.4            ,65         ,82          ,3.7V   
LP546591   ,4700 mAh  ,5.4            ,65         ,91          ,3.7V   
LP546984   ,4000 mAh  ,5.4            ,69         ,84          ,3.7V   
LP551220   ,65 mAh    ,5.5            ,12         ,20          ,3.7V   
LP551245   ,220 mAh   ,5.5            ,12         ,45          ,3.7V   
LP552525   ,240 mAh   ,5.5            ,25         ,25          ,3.7V   
LP553048   ,600 mAh   ,5.5            ,30         ,48          ,3.7V   
LP553246   ,900 mAh   ,5.5            ,32         ,46          ,3.7V   
LP553248   ,1080 mAh  ,5.5            ,32         ,48          ,3.7V   
LP553450   ,1100 mAh  ,5.5            ,34         ,50          ,3.7V   
LP553560   ,1400 mAh  ,5.5            ,35         ,60          ,3.7V   
LP553649   ,1300 mAh  ,5.5            ,36         ,49          ,3.7V   
LP553652   ,1500 mAh  ,5.5            ,36         ,52          ,3.7V   
LP553759   ,1400 mAh  ,5.5            ,37         ,59          ,3.7V   
LP553825   ,500 mAh   ,5.5            ,38         ,25          ,3.7V   
LP553893   ,2800 mAh  ,5.5            ,38         ,93          ,3.7V   
LP554068   ,1900 mAh  ,5.5            ,40         ,68          ,3.7V   
LP554262   ,2100 mAh  ,5.5            ,42         ,62          ,3.7V   
LP5543125  ,3000 mAh  ,5.5            ,43         ,125         ,3.7V   
LP5544126  ,2600 mAh  ,5.5            ,44         ,126         ,3.7V   
LP554466   ,2450 mAh  ,5.5            ,44         ,66          ,3.7V   
LP554468   ,2500 mAh  ,5.5            ,44         ,68          ,3.7V   
LP554648   ,1000 mAh  ,5.5            ,46         ,48          ,3.7V   
LP555170   ,2450 mAh  ,5.5            ,51         ,70          ,3.7V   
LP556069   ,3000 mAh  ,5.5            ,60         ,69          ,3.7V   
LP556474   ,3800 mAh  ,5.5            ,64         ,74          ,3.7V   
LP556588   ,5500 mAh  ,5.5            ,65         ,88          ,3.7V   
LP5578130  ,8000 mAh  ,5.5            ,78         ,130         ,3.7V   
LP563170   ,1900 mAh  ,5.6            ,31         ,70          ,3.7V   
LP5642125  ,2400 mAh  ,5.6            ,42         ,125         ,3.7V   
LP564270   ,2300 mAh  ,5.6            ,42         ,70          ,3.7V   
LP565060   ,2500 mAh  ,5.6            ,50         ,60          ,3.7V   
LP565065   ,2250 mAh  ,5.6            ,50         ,65          ,3.7V   
LP5658104  ,5000 mAh  ,5.6            ,58         ,104         ,3.7V   
LP566062   ,2800 mAh  ,5.6            ,60         ,62          ,3.7V   
LP566071   ,3350 mAh  ,5.6            ,60         ,71          ,3.7V   
LP5662158  ,7500 mAh  ,5.6            ,62         ,158         ,3.7V   
LP568090   ,5000 mAh  ,5.6            ,80         ,90          ,3.7V   
LP573040   ,500 mAh   ,5.7            ,30         ,40          ,3.7V   
LP573246   ,1000 mAh  ,5.7            ,32         ,46          ,3.7V   
LP5741112  ,4150 mAh  ,5.7            ,41         ,112         ,3.7V   
LP575068   ,2600 mAh  ,5.7            ,50         ,68          ,3.7V   
LP575171   ,3000 mAh  ,5.7            ,51         ,71          ,3.7V   
LP5752100  ,4500 mAh  ,5.7            ,52         ,100         ,3.7V   
LP575273   ,2800 mAh  ,5.7            ,52         ,73          ,3.7V   
LP5758101  ,5000 mAh  ,5.7            ,58         ,101         ,3.7V   
LP5767105  ,7020 mAh  ,5.7            ,67         ,105         ,3.7V   
LP581541   ,230 mAh   ,5.8            ,15         ,41          ,3.7V   
LP582440   ,500 mAh   ,5.8            ,24         ,40          ,3.7V   
LP582738   ,500 mAh   ,5.8            ,27         ,38          ,3.7V   
LP582850   ,830 mAh   ,5.8            ,28         ,50          ,3.7V   
LP5830132  ,3600 mAh  ,5.8            ,30         ,132         ,3.7V   
LP583445   ,1050 mAh  ,5.8            ,34         ,45          ,3.7V   
LP583445   ,980 mAh   ,5.8            ,34         ,45          ,3.7V   
LP583758   ,1500 mAh  ,5.8            ,37         ,58          ,3.7V   
LP584070   ,2400 mAh  ,5.8            ,40         ,70          ,3.7V   
LP584138   ,1250 mAh  ,5.8            ,41         ,38          ,3.7V   
LP584282   ,2380 mAh  ,5.8            ,42         ,82          ,3.7V   
LP584354   ,2100 mAh  ,5.8            ,43         ,54          ,3.7V   
LP584368   ,2000 mAh  ,5.8            ,43         ,68          ,3.7V   
LP584450   ,1710 mAh  ,5.8            ,44         ,50          ,3.7V   
LP584976   ,3500 mAh  ,5.8            ,49         ,76          ,3.7V   
LP585558   ,2850 mAh  ,5.8            ,55         ,58          ,3.7V   
LP5862106  ,5000 mAh  ,5.8            ,62         ,106         ,3.7V   
LP592797   ,1300 mAh  ,5.9            ,27         ,97          ,3.7V   
LP593578   ,2500 mAh  ,5.9            ,35         ,78          ,3.7V   
LP5936143  ,4200 mAh  ,5.9            ,36         ,143         ,3.7V   
LP593759   ,1350 mAh  ,5.9            ,37         ,59          ,3.7V   
LP593855   ,1600 mAh  ,5.9            ,38         ,55          ,3.7V   
LP594053   ,1950 mAh  ,5.9            ,40         ,53          ,3.7V   
LP595150   ,2000 mAh  ,5.9            ,51         ,50          ,3.7V   
LP5966108  ,4000 mAh  ,5.9            ,66         ,108         ,3.7V   
LP598068   ,4700 mAh  ,5.9            ,80         ,68          ,3.7V   
LP601245   ,280 mAh   ,6.0            ,12         ,45          ,3.7V   
LP601337   ,190 mAh   ,6.0            ,13         ,37          ,3.7V   
LP601417   ,80 mAh    ,6.0            ,14         ,17          ,3.7V   
LP601440   ,270 mAh   ,6.0            ,14         ,40          ,3.7V   
LP601538   ,290 mAh   ,6.0            ,15         ,38          ,3.7V   
LP601752   ,500 mAh   ,6.0            ,17         ,52          ,3.7V   
LP602645   ,750 mAh   ,6.0            ,26         ,45          ,3.7V   
LP603042   ,800 mAh   ,6.0            ,30         ,42          ,3.7V   
LP603055   ,1000 mAh  ,6.0            ,30         ,55          ,3.7V   
LP603448   ,1000 mAh  ,6.0            ,34         ,48          ,3.7V   
LP603450   ,1250 mAh  ,6.0            ,34         ,50          ,3.7V   
LP603462   ,1100 mAh  ,6.0            ,34         ,62          ,3.7V   
LP6036137  ,4400 mAh  ,6.0            ,36         ,137         ,3.7V   
LP603648   ,1200 mAh  ,6.0            ,36         ,48          ,3.7V   
LP603660   ,1780 mAh  ,6.0            ,36         ,60          ,3.7V   
LP603756   ,1500 mAh  ,6.0            ,37         ,56          ,3.7V   
LP603759   ,1500 mAh  ,6.0            ,37         ,59          ,3.7V   
LP603838   ,1050 mAh  ,6.0            ,38         ,38          ,3.7V   
LP603952   ,1400 mAh  ,6.0            ,39         ,52          ,3.7V   
LP6040157  ,5000 mAh  ,6.0            ,40         ,157         ,3.7V   
LP604048   ,1280 mAh  ,6.0            ,40         ,48          ,3.7V   
LP604069   ,2000 mAh  ,6.0            ,40         ,69          ,3.7V   
LP604096   ,3000 mAh  ,6.0            ,40         ,96          ,3.7V   
LP604145   ,1300 mAh  ,6.0            ,41         ,45          ,3.7V   
LP604260   ,1900 mAh  ,6.0            ,42         ,60          ,3.7V   
LP604285   ,3000 mAh  ,6.0            ,42         ,85          ,3.7V   
LP604351   ,2000 mAh  ,6.0            ,43         ,51          ,3.7V   
LP604357   ,2000 mAh  ,6.0            ,43         ,57          ,3.7V   
LP604365   ,2500 mAh  ,6.0            ,43         ,65          ,3.7V   
LP604465   ,2230 mAh  ,6.0            ,44         ,65          ,3.7V   
LP604542   ,1330 mAh  ,6.0            ,45         ,42          ,3.7V   
LP604655   ,2200 mAh  ,6.0            ,46         ,55          ,3.7V   
LP604860   ,1950 mAh  ,6.0            ,48         ,60          ,3.7V   
LP604860   ,2000 mAh  ,6.0            ,48         ,60          ,3.7V   
LP6050110  ,3800 mAh  ,6.0            ,50         ,110         ,3.7V   
LP605060   ,2000 mAh  ,6.0            ,50         ,60          ,3.7V   
LP605060   ,2900 mAh  ,6.0            ,50         ,60          ,3.7V   
LP605080   ,3000 mAh  ,6.0            ,50         ,80          ,3.7V   
LP605175   ,2450 mAh  ,6.0            ,51         ,75          ,3.7V   
LP605284   ,4150 mAh  ,6.0            ,52         ,84          ,3.7V   
LP605572   ,3700 mAh  ,6.0            ,55         ,72          ,3.7V   
LP605590   ,3750 mAh  ,6.0            ,55         ,90          ,3.7V   
LP605759   ,2950 mAh  ,6.0            ,57         ,59          ,3.7V   
LP605860   ,3000 mAh  ,6.0            ,58         ,60          ,3.7V   
LP6060100  ,5000 mAh  ,6.0            ,60         ,100         ,3.7V   
LP606081   ,4300 mAh  ,6.0            ,60         ,81          ,3.7V   
LP606090   ,3800 mAh  ,6.0            ,60         ,90          ,3.7V   
LP606090   ,4000 mAh  ,6.0            ,60         ,90          ,3.7V   
LP6062103  ,6300 mAh  ,6.0            ,62         ,103         ,3.7V   
LP606261   ,3000 mAh  ,6.0            ,62         ,61          ,3.7V   
LP606270   ,4000 mAh  ,6.0            ,62         ,70          ,3.7V   
LP607093   ,5140 mAh  ,6.0            ,70         ,93          ,3.7V   
LP608196   ,7000 mAh  ,6.0            ,81         ,96          ,3.7V   
LP613442   ,1150 mAh  ,6.1            ,34         ,42          ,3.7V   
LP613762   ,1950 mAh  ,6.1            ,37         ,62          ,3.7V   
LP614063   ,2000 mAh  ,6.1            ,40         ,63          ,3.7V   
LP614069   ,2000 mAh  ,6.1            ,40         ,69          ,3.7V   
LP614174   ,2200 mAh  ,6.1            ,41         ,74          ,3.7V   
LP614365   ,2500 mAh  ,6.1            ,43         ,65          ,3.7V   
LP614770   ,3270 mAh  ,6.1            ,47         ,70          ,3.7V   
LP615054   ,2250 mAh  ,6.1            ,50         ,54          ,3.7V   
LP615082   ,4000 mAh  ,6.1            ,50         ,82          ,3.7V   
LP616090   ,4000 mAh  ,6.1            ,60         ,90          ,3.7V   
LP616162   ,3000 mAh  ,6.1            ,61         ,62          ,3.7V   
LP616262   ,3600 mAh  ,6.1            ,62         ,62          ,3.7V   
LP6172111  ,7800 mAh  ,6.1            ,72         ,111         ,3.7V   
LP621337   ,210 mAh   ,6.2            ,13         ,37          ,3.7V   
LP621447   ,380 mAh   ,6.2            ,14         ,47          ,3.7V   
LP623342   ,1050 mAh  ,6.2            ,33         ,42          ,3.7V   
LP623536   ,900 mAh   ,6.2            ,35         ,36          ,3.7V   
LP624049   ,1500 mAh  ,6.2            ,40         ,49          ,3.7V   
LP624283   ,2600 mAh  ,6.2            ,42         ,83          ,3.7V   
LP624650   ,1800 mAh  ,6.2            ,46         ,50          ,3.7V   
LP6248126  ,4500 mAh  ,6.2            ,48         ,126         ,3.7V   
LP625293   ,3500 mAh  ,6.2            ,52         ,93          ,3.7V   
LP6255165  ,7900 mAh  ,6.2            ,55         ,165         ,3.7V   
LP625778   ,4850 mAh  ,6.2            ,57         ,78          ,3.7V   
LP625973   ,4450 mAh  ,6.2            ,59         ,73          ,3.7V   
LP626090   ,5000 mAh  ,6.2            ,60         ,90          ,3.7V   
LP626679   ,3950 mAh  ,6.2            ,66         ,79          ,3.7V   
LP6292106  ,8000 mAh  ,6.2            ,92         ,106         ,3.7V   
LP633046   ,1000 mAh  ,6.3            ,30         ,46          ,3.7V   
LP633449   ,1200 mAh  ,6.3            ,34         ,49          ,3.7V   
LP633650   ,1400 mAh  ,6.3            ,36         ,50          ,3.7V   
LP633750   ,1400 mAh  ,6.3            ,37         ,50          ,3.7V   
LP633870   ,2000 mAh  ,6.3            ,38         ,70          ,3.7V   
LP633967   ,1450 mAh  ,6.3            ,39         ,67          ,3.7V   
LP634173   ,2430 mAh  ,6.3            ,41         ,73          ,3.7V   
LP6348126  ,4500 mAh  ,6.3            ,48         ,126         ,3.7V   
LP6354165  ,8000 mAh  ,6.3            ,54         ,165         ,3.7V   
LP635486   ,3000 mAh  ,6.3            ,54         ,86          ,3.7V   
LP635560   ,3000 mAh  ,6.3            ,55         ,60          ,3.7V   
LP635973   ,4450 mAh  ,6.3            ,59         ,73          ,3.7V   
LP6367131  ,7000 mAh  ,6.3            ,67         ,131         ,3.7V   
LP643450   ,1200 mAh  ,6.4            ,34         ,50          ,3.7V   
LP643956   ,1500 mAh  ,6.4            ,39         ,56          ,3.7V   
LP6441102  ,4200 mAh  ,6.4            ,41         ,102         ,3.7V   
LP644446   ,1660 mAh  ,6.4            ,44         ,46          ,3.7V   
LP645136   ,1500 mAh  ,6.4            ,51         ,36          ,3.7V   
LP645275   ,3800 mAh  ,6.4            ,52         ,75          ,3.7V   
LP645284   ,4150 mAh  ,6.4            ,52         ,84          ,3.7V   
LP651243   ,290 mAh   ,6.5            ,12         ,43          ,3.7V   
LP651340   ,270 mAh   ,6.5            ,13         ,40          ,3.7V   
LP651644   ,400 mAh   ,6.5            ,16         ,44          ,3.7V   
LP651730   ,180 mAh   ,6.5            ,17         ,30          ,3.7V   
LP652865   ,1300 mAh  ,6.5            ,28         ,65          ,3.7V   
LP652885   ,1500 mAh  ,6.5            ,28         ,85          ,3.7V   
LP653048   ,1200 mAh  ,6.5            ,30         ,48          ,3.7V   
LP653365   ,1200 mAh  ,6.5            ,33         ,65          ,3.7V   
LP653450   ,1200 mAh  ,6.5            ,34         ,50          ,3.7V   
LP653543   ,1100 mAh  ,6.5            ,35         ,43          ,3.7V   
LP6536115  ,3600 mAh  ,6.5            ,36         ,115         ,3.7V   
LP6536115  ,4000 mAh  ,6.5            ,36         ,115         ,3.7V   
LP653736   ,1150 mAh  ,6.5            ,37         ,36          ,3.7V   
LP653740   ,1280 mAh  ,6.5            ,37         ,40          ,3.7V   
LP653784   ,2500 mAh  ,6.5            ,37         ,84          ,3.7V   
LP654080   ,3250 mAh  ,6.5            ,40         ,80          ,3.7V   
LP654144   ,1650 mAh  ,6.5            ,41         ,44          ,3.7V   
LP654378   ,3000 mAh  ,6.5            ,43         ,78          ,3.7V   
LP654437   ,1250 mAh  ,6.5            ,44         ,37          ,3.7V   
LP654495   ,4400 mAh  ,6.5            ,44         ,95          ,3.7V   
LP6550100  ,5000 mAh  ,6.5            ,50         ,100         ,3.7V   
LP655165   ,3250 mAh  ,6.5            ,51         ,65          ,3.7V   
LP655374   ,4000 mAh  ,6.5            ,53         ,74          ,3.7V   
LP655471   ,3850 mAh  ,6.5            ,54         ,71          ,3.7V   
LP655473   ,4000 mAh  ,6.5            ,54         ,73          ,3.7V   
LP655765   ,3200 mAh  ,6.5            ,57         ,65          ,3.7V   
LP655769   ,4200 mAh  ,6.5            ,57         ,69          ,3.7V   
LP656080   ,2500 mAh  ,6.5            ,60         ,80          ,3.7V   
LP656090   ,5000 mAh  ,6.5            ,60         ,90          ,3.7V   
LP656159   ,3000 mAh  ,6.5            ,61         ,59          ,3.7V   
LP656159   ,3020 mAh  ,6.5            ,61         ,59          ,3.7V   
LP657292   ,5950 mAh  ,6.5            ,72         ,92          ,3.7V   
LP663842   ,1400 mAh  ,6.6            ,38         ,42          ,3.7V   
LP663843   ,1460 mAh  ,6.6            ,38         ,43          ,3.7V   
LP663843   ,1480 mAh  ,6.6            ,38         ,43          ,3.7V   
LP664144   ,1650 mAh  ,6.6            ,41         ,44          ,3.7V   
LP664952   ,2600 mAh  ,6.6            ,49         ,52          ,3.7V   
LP665477   ,4300 mAh  ,6.6            ,54         ,77          ,3.7V   
LP665868   ,3400 mAh  ,6.6            ,58         ,68          ,3.7V   
LP6725125  ,3000 mAh  ,6.7            ,25         ,125         ,3.7V   
LP673843   ,1480 mAh  ,6.7            ,38         ,43          ,3.7V   
LP674345   ,1930 mAh  ,6.7            ,43         ,45          ,3.7V   
LP674352   ,2200 mAh  ,6.7            ,43         ,52          ,3.7V   
LP674386   ,3800 mAh  ,6.7            ,43         ,86          ,3.7V   
LP674442   ,1750 mAh  ,6.7            ,44         ,42          ,3.7V   
LP675163   ,2800 mAh  ,6.7            ,51         ,63          ,3.7V   
LP675571   ,4530 mAh  ,6.7            ,55         ,71          ,3.7V   
LP677470   ,5500 mAh  ,6.7            ,74         ,70          ,3.7V   
LP682693   ,2500 mAh  ,6.8            ,26         ,93          ,3.7V   
LP682747   ,1000 mAh  ,6.8            ,27         ,47          ,3.7V   
LP683046   ,1000 mAh  ,6.8            ,30         ,46          ,3.7V   
LP683048   ,1100 mAh  ,6.8            ,30         ,48          ,3.7V   
LP683554   ,1900 mAh  ,6.8            ,35         ,54          ,3.7V   
LP683886   ,2800 mAh  ,6.8            ,38         ,86          ,3.7V   
LP684048   ,1500 mAh  ,6.8            ,40         ,48          ,3.7V   
LP684049   ,1550 mAh  ,6.8            ,40         ,49          ,3.7V   
LP684050   ,1550 mAh  ,6.8            ,40         ,50          ,3.7V   
LP684060   ,1780 mAh  ,6.8            ,40         ,60          ,3.7V   
LP684082   ,2800 mAh  ,6.8            ,40         ,82          ,3.7V   
LP684155   ,1800 mAh  ,6.8            ,41         ,55          ,3.7V   
LP684492   ,4650 mAh  ,6.8            ,44         ,92          ,3.7V   
LP685065   ,2900 mAh  ,6.8            ,50         ,65          ,3.7V   
LP685163   ,3000 mAh  ,6.8            ,51         ,63          ,3.7V   
LP685477   ,5000 mAh  ,6.8            ,54         ,77          ,3.7V   
LP685673   ,4500 mAh  ,6.8            ,56         ,73          ,3.7V   
LP685684   ,5300 mAh  ,6.8            ,56         ,84          ,3.7V   
LP687470   ,5800 mAh  ,6.8            ,74         ,70          ,3.7V   
LP687470   ,5500 mAh  ,6.8            ,74         ,70          ,3.7V   
LP693357   ,2000 mAh  ,6.9            ,33         ,57          ,3.7V   
LP695087   ,5000 mAh  ,6.9            ,50         ,87          ,3.7V   
LP6955108  ,6000 mAh  ,6.9            ,55         ,108         ,3.7V   
LP695670   ,4000 mAh  ,6.9            ,56         ,70          ,3.7V   
LP695777   ,5000 mAh  ,6.9            ,57         ,77          ,3.7V   
LP695780   ,5000 mAh  ,6.9            ,57         ,80          ,3.7V   
LP696054   ,3350 mAh  ,6.9            ,60         ,54          ,3.7V   
LP701241   ,280 mAh   ,7.0            ,12         ,41          ,3.7V   
LP701245   ,330 mAh   ,7.0            ,12         ,45          ,3.7V   
LP701335   ,300 mAh   ,7.0            ,13         ,35          ,3.7V   
LP701340   ,320 mAh   ,7.0            ,13         ,40          ,3.7V   
LP701436   ,320 mAh   ,7.0            ,14         ,36          ,3.7V   
LP701442   ,350 mAh   ,7.0            ,14         ,42          ,3.7V   
LP701742   ,460 mAh   ,7.0            ,17         ,42          ,3.7V   
LP701838   ,450 mAh   ,7.0            ,18         ,38          ,3.7V   
LP701935   ,400 mAh   ,7.0            ,19         ,35          ,3.7V   
LP702080   ,1000 mAh  ,7.0            ,20         ,80          ,3.7V   
LP702535   ,600 mAh   ,7.0            ,25         ,35          ,3.7V   
LP702840   ,900 mAh   ,7.0            ,28         ,40          ,3.7V   
LP703035   ,800 mAh   ,7.0            ,30         ,35          ,3.7V   
LP703048   ,1200 mAh  ,7.0            ,30         ,48          ,3.7V   
LP703075   ,1500 mAh  ,7.0            ,30         ,75          ,3.7V   
LP703440   ,1150 mAh  ,7.0            ,34         ,40          ,3.7V   
LP703445   ,1450 mAh  ,7.0            ,34         ,45          ,3.7V   
LP703447   ,1200 mAh  ,7.0            ,34         ,47          ,3.7V   
LP703480   ,1600 mAh  ,7.0            ,34         ,80          ,3.7V   
LP703640   ,950 mAh   ,7.0            ,36         ,40          ,3.7V   
LP703736   ,1220 mAh  ,7.0            ,37         ,36          ,3.7V   
LP703740   ,1380 mAh  ,7.0            ,37         ,40          ,3.7V   
LP703744   ,1350 mAh  ,7.0            ,37         ,44          ,3.7V   
LP703760   ,2250 mAh  ,7.0            ,37         ,60          ,3.7V   
LP703986   ,2800 mAh  ,7.0            ,39         ,86          ,3.7V   
LP704050   ,1500 mAh  ,7.0            ,40         ,50          ,3.7V   
LP704060   ,2000 mAh  ,7.0            ,40         ,60          ,3.7V   
LP704085   ,3100 mAh  ,7.0            ,40         ,85          ,3.7V   
LP704344   ,1800 mAh  ,7.0            ,43         ,44          ,3.7V   
LP704345   ,2000 mAh  ,7.0            ,43         ,45          ,3.7V   
LP704476   ,3400 mAh  ,7.0            ,44         ,76          ,3.7V   
LP704541   ,1800 mAh  ,7.0            ,45         ,41          ,3.7V   
LP704560   ,2700 mAh  ,7.0            ,45         ,60          ,3.7V   
LP704765   ,3000 mAh  ,7.0            ,47         ,65          ,3.7V   
LP705048   ,2500 mAh  ,7.0            ,50         ,48          ,3.7V   
LP705076   ,3450 mAh  ,7.0            ,50         ,76          ,3.7V   
LP705284   ,4500 mAh  ,7.0            ,52         ,84          ,3.7V   
LP705370   ,3700 mAh  ,7.0            ,53         ,70          ,3.7V   
LP7054150  ,7500 mAh  ,7.0            ,54         ,150         ,3.7V   
LP705670   ,4000 mAh  ,7.0            ,56         ,70          ,3.7V   
LP705690   ,4000 mAh  ,7.0            ,56         ,90          ,3.7V   
LP705794   ,6000 mAh  ,7.0            ,57         ,94          ,3.7V   
LP705861   ,3600 mAh  ,7.0            ,58         ,61          ,3.7V   
LP705955   ,3500 mAh  ,7.0            ,59         ,55          ,3.7V   
LP705973   ,4900 mAh  ,7.0            ,59         ,73          ,3.7V   
LP706074   ,5000 mAh  ,7.0            ,60         ,74          ,3.7V   
LP706081   ,5000 mAh  ,7.0            ,60         ,81          ,3.7V   
LP706090   ,4800 mAh  ,7.0            ,60         ,90          ,3.7V   
LP706568   ,3800 mAh  ,7.0            ,65         ,68          ,3.7V   
LP707586   ,4300 mAh  ,7.0            ,75         ,86          ,3.7V   
LP709090   ,9400 mAh  ,7.0            ,90         ,90          ,3.7V   
LP713445   ,1480 mAh  ,7.1            ,34         ,45          ,3.7V   
LP714040   ,1500 mAh  ,7.1            ,40         ,40          ,3.7V   
LP714050   ,1800 mAh  ,7.1            ,40         ,50          ,3.7V   
LP714542   ,1170 mAh  ,7.1            ,45         ,42          ,3.7V   
LP714650   ,2000 mAh  ,7.1            ,46         ,50          ,3.7V   
LP714766   ,3500 mAh  ,7.1            ,47         ,66          ,3.7V   
LP714872   ,3200 mAh  ,7.1            ,48         ,72          ,3.7V   
LP7150105  ,5500 mAh  ,7.1            ,50         ,105         ,3.7V   
LP715049   ,2250 mAh  ,7.1            ,50         ,49          ,3.7V   
LP715376   ,4000 mAh  ,7.1            ,53         ,76          ,3.7V   
LP715465   ,4100 mAh  ,7.1            ,54         ,65          ,3.7V   
LP716395   ,5600 mAh  ,7.1            ,63         ,95          ,3.7V   
LP721238   ,270 mAh   ,7.2            ,12         ,38          ,3.7V   
LP721570   ,750 mAh   ,7.2            ,15         ,70          ,3.7V   
LP722588   ,1850 mAh  ,7.2            ,25         ,88          ,3.7V   
LP722685   ,1850 mAh  ,7.2            ,26         ,85          ,3.7V   
LP722768   ,1650 mAh  ,7.2            ,27         ,68          ,3.7V   
LP722886   ,2300 mAh  ,7.2            ,28         ,86          ,3.7V   
LP722982   ,1750 mAh  ,7.2            ,29         ,82          ,3.7V   
LP723565   ,2300 mAh  ,7.2            ,35         ,65          ,3.7V   
LP7242125  ,3200 mAh  ,7.2            ,42         ,125         ,3.7V   
LP724372   ,3000 mAh  ,7.2            ,43         ,72          ,3.7V   
LP724765   ,2800 mAh  ,7.2            ,47         ,65          ,3.7V   
LP724765   ,3000 mAh  ,7.2            ,47         ,65          ,3.7V   
LP724847   ,2300 mAh  ,7.2            ,48         ,47          ,3.7V   
LP725465   ,4100 mAh  ,7.2            ,54         ,65          ,3.7V   
LP725572   ,4500 mAh  ,7.2            ,55         ,72          ,3.7V   
LP725770   ,4375 mAh  ,7.2            ,57         ,70          ,3.7V   
LP725946   ,3000 mAh  ,7.2            ,59         ,46          ,3.7V   
LP726278   ,6200 mAh  ,7.2            ,62         ,78          ,3.7V   
LP726775   ,6000 mAh  ,7.2            ,67         ,75          ,3.7V   
LP731935   ,400 mAh   ,7.3            ,19         ,35          ,3.7V   
LP733048   ,1450 mAh  ,7.3            ,30         ,48          ,3.7V   
LP733864   ,2500 mAh  ,7.3            ,38         ,64          ,3.7V   
LP734264   ,3000 mAh  ,7.3            ,42         ,64          ,3.7V   
LP734266   ,3100 mAh  ,7.3            ,42         ,66          ,3.7V   
LP734362   ,2950 mAh  ,7.3            ,43         ,62          ,3.7V   
LP734542   ,1950 mAh  ,7.3            ,45         ,42          ,3.7V   
LP735375   ,4320 mAh  ,7.3            ,53         ,75          ,3.7V   
LP735474   ,5000 mAh  ,7.3            ,54         ,74          ,3.7V   
LP735590   ,5000 mAh  ,7.3            ,55         ,90          ,3.7V   
LP735590   ,4000 mAh  ,7.3            ,55         ,90          ,3.7V   
LP735863   ,4150 mAh  ,7.3            ,58         ,63          ,3.7V   
LP735965   ,4400 mAh  ,7.3            ,59         ,65          ,3.7V   
LP735977   ,4800 mAh  ,7.3            ,59         ,77          ,3.7V   
LP742040   ,450 mAh   ,7.4            ,20         ,40          ,3.7V   
LP742337   ,700 mAh   ,7.4            ,23         ,37          ,3.7V   
LP743459   ,2000 mAh  ,7.4            ,34         ,59          ,3.7V   
LP744177   ,3750 mAh  ,7.4            ,41         ,77          ,3.7V   
LP744241   ,1800 mAh  ,7.4            ,42         ,41          ,3.7V   
LP744648   ,1950 mAh  ,7.4            ,46         ,48          ,3.7V   
LP744765   ,3000 mAh  ,7.4            ,47         ,65          ,3.7V   
LP745060   ,3250 mAh  ,7.4            ,50         ,60          ,3.7V   
LP745368   ,4650 mAh  ,7.4            ,53         ,68          ,3.7V   
LP751245   ,350 mAh   ,7.5            ,12         ,45          ,3.7V   
LP751335   ,280 mAh   ,7.5            ,13         ,35          ,3.7V   
LP751345   ,400 mAh   ,7.5            ,13         ,45          ,3.7V   
LP751723   ,200 mAh   ,7.5            ,17         ,23          ,3.7V   
LP752040   ,400 mAh   ,7.5            ,20         ,40          ,3.7V   
LP752045   ,520 mAh   ,7.5            ,20         ,45          ,3.7V   
LP753336   ,1250 mAh  ,7.5            ,33         ,36          ,3.7V   
LP753444   ,1000 mAh  ,7.5            ,34         ,44          ,3.7V   
LP753646   ,1450 mAh  ,7.5            ,36         ,46          ,3.7V   
LP753846   ,1580 mAh  ,7.5            ,38         ,46          ,3.7V   
LP754060   ,2300 mAh  ,7.5            ,40         ,60          ,3.7V   
LP754177   ,2000 mAh  ,7.5            ,41         ,77          ,3.7V   
LP754260   ,2500 mAh  ,7.5            ,42         ,60          ,3.7V   
LP7545152  ,8200 mAh  ,7.5            ,45         ,152         ,3.7V   
LP754573   ,3900 mAh  ,7.5            ,45         ,73          ,3.7V   
LP754696   ,4100 mAh  ,7.5            ,46         ,96          ,3.7V   
LP754760   ,3000 mAh  ,7.5            ,47         ,60          ,3.7V   
LP754765   ,3000 mAh  ,7.5            ,47         ,65          ,3.7V   
LP754794   ,5200 mAh  ,7.5            ,47         ,94          ,3.7V   
LP7548150  ,5000 mAh  ,7.5            ,48         ,150         ,3.7V   
LP755059   ,3500 mAh  ,7.5            ,50         ,59          ,3.7V   
LP755060   ,3500 mAh  ,7.5            ,50         ,60          ,3.7V   
LP755066   ,3750 mAh  ,7.5            ,50         ,66          ,3.7V   
LP755077   ,5000 mAh  ,7.5            ,50         ,77          ,3.7V   
LP755080   ,3900 mAh  ,7.5            ,50         ,80          ,3.7V   
LP755193   ,5900 mAh  ,7.5            ,51         ,93          ,3.7V   
LP755542   ,1250 mAh  ,7.5            ,55         ,42          ,3.7V   
LP755588   ,6000 mAh  ,7.5            ,55         ,88          ,3.7V   
LP756058   ,4000 mAh  ,7.5            ,60         ,58          ,3.7V   
LP756195   ,6500 mAh  ,7.5            ,61         ,95          ,3.7V   
LP7565121  ,7000 mAh  ,7.5            ,65         ,121         ,3.7V   
LP7565121  ,8000 mAh  ,7.5            ,65         ,121         ,3.7V   
LP7580150  ,12000 mAh ,7.5            ,80         ,150         ,3.7V   
LP7610069  ,8000 mAh  ,7.6            ,100        ,69          ,3.7V   
LP762636   ,900 mAh   ,7.6            ,26         ,36          ,3.7V   
LP763248   ,1300 mAh  ,7.6            ,32         ,48          ,3.7V   
LP763860   ,1900 mAh  ,7.6            ,38         ,60          ,3.7V   
LP763871   ,2570 mAh  ,7.6            ,38         ,71          ,3.7V   
LP764270   ,3200 mAh  ,7.6            ,42         ,70          ,3.7V   
LP764768   ,4000 mAh  ,7.6            ,47         ,68          ,3.7V   
LP765375   ,5000 mAh  ,7.6            ,53         ,75          ,3.7V   
LP765476   ,5200 mAh  ,7.6            ,54         ,76          ,3.7V   
LP765673   ,5000 mAh  ,7.6            ,56         ,73          ,3.7V   
LP765769   ,4500 mAh  ,7.6            ,57         ,69          ,3.7V   
LP773062   ,2100 mAh  ,7.7            ,30         ,62          ,3.7V   
LP773433   ,810 mAh   ,7.7            ,34         ,33          ,3.7V   
LP774051   ,2460 mAh  ,7.7            ,40         ,51          ,3.7V   
LP774169   ,2600 mAh  ,7.7            ,41         ,69          ,3.7V   
LP775275   ,4680 mAh  ,7.7            ,52         ,75          ,3.7V   
LP776361   ,4000 mAh  ,7.7            ,63         ,61          ,3.7V   
LP783048   ,1120 mAh  ,7.8            ,30         ,48          ,3.7V   
LP783194   ,2600 mAh  ,7.8            ,31         ,94          ,3.7V   
LP783448   ,1300 mAh  ,7.8            ,34         ,48          ,3.7V   
LP783448   ,1320 mAh  ,7.8            ,34         ,48          ,3.7V   
LP783496   ,2050 mAh  ,7.8            ,34         ,96          ,3.7V   
LP783740   ,1300 mAh  ,7.8            ,37         ,40          ,3.7V   
LP784048   ,1800 mAh  ,7.8            ,40         ,48          ,3.7V   
LP784169   ,2600 mAh  ,7.8            ,41         ,69          ,3.7V   
LP7850107  ,5200 mAh  ,7.8            ,50         ,107         ,3.7V   
LP785066   ,4000 mAh  ,7.8            ,50         ,66          ,3.7V   
LP785253   ,2500 mAh  ,7.8            ,52         ,53          ,3.7V   
LP785275   ,4680 mAh  ,7.8            ,52         ,75          ,3.7V   
LP786066   ,4000 mAh  ,7.8            ,60         ,66          ,3.7V   
LP786166   ,3800 mAh  ,7.8            ,61         ,66          ,3.7V   
LP786263   ,2700 mAh  ,7.8            ,62         ,63          ,3.7V   
LP792661   ,1500 mAh  ,7.9            ,26         ,61          ,3.7V   
LP793945   ,1900 mAh  ,7.9            ,39         ,45          ,3.7V   
LP795576   ,5000 mAh  ,7.9            ,55         ,76          ,3.7V   
LP795661   ,3000 mAh  ,7.9            ,56         ,61          ,3.7V   
LP801452   ,500 mAh   ,8.0            ,14         ,52          ,3.7V   
LP801620   ,185 mAh   ,8.0            ,16         ,20          ,3.7V   
LP801624   ,190 mAh   ,8.0            ,16         ,24          ,3.7V   
LP801637   ,450 mAh   ,8.0            ,16         ,37          ,3.7V   
LP801640   ,500 mAh   ,8.0            ,16         ,40          ,3.7V   
LP801740   ,410 mAh   ,8.0            ,17         ,40          ,3.7V   
LP801844   ,580 mAh   ,8.0            ,18         ,44          ,3.7V   
LP802060   ,900 mAh   ,8.0            ,20         ,60          ,3.7V   
LP802650   ,1450 mAh  ,8.0            ,26         ,50          ,3.7V   
LP803040   ,1220 mAh  ,8.0            ,30         ,40          ,3.7V   
LP803048   ,1200 mAh  ,8.0            ,30         ,48          ,3.7V   
LP803060   ,1370 mAh  ,8.0            ,30         ,60          ,3.7V   
LP803365   ,1800 mAh  ,8.0            ,33         ,65          ,3.7V   
LP803447   ,1250 mAh  ,8.0            ,34         ,47          ,3.7V   
LP803454   ,1800 mAh  ,8.0            ,34         ,54          ,3.7V   
LP803557   ,2000 mAh  ,8.0            ,35         ,57          ,3.7V   
LP803860   ,2000 mAh  ,8.0            ,38         ,60          ,3.7V   
LP804055   ,2100 mAh  ,8.0            ,40         ,55          ,3.7V   
LP804069   ,3000 mAh  ,8.0            ,40         ,69          ,3.7V   
LP804163   ,2900 mAh  ,8.0            ,41         ,63          ,3.7V   
LP804169   ,2650 mAh  ,8.0            ,41         ,69          ,3.7V   
LP804270   ,3000 mAh  ,8.0            ,42         ,70          ,3.7V   
LP804384   ,3700 mAh  ,8.0            ,43         ,84          ,3.7V   
LP804439   ,1900 mAh  ,8.0            ,44         ,39          ,3.7V   
LP805065   ,4100 mAh  ,8.0            ,50         ,65          ,3.7V   
LP805070   ,3000 mAh  ,8.0            ,50         ,70          ,3.7V   
LP805080   ,4000 mAh  ,8.0            ,50         ,80          ,3.7V   
LP805085   ,4400 mAh  ,8.0            ,50         ,85          ,3.7V   
LP8058157  ,10000 mAh ,8.0            ,58         ,157         ,3.7V   
LP806095   ,6200 mAh  ,8.0            ,60         ,95          ,3.7V   
LP806275   ,3200 mAh  ,8.0            ,62         ,75          ,3.7V   
LP806363   ,4000 mAh  ,8.0            ,63         ,63          ,3.7V   
LP806489   ,7000 mAh  ,8.0            ,64         ,89          ,3.7V   
LP808095   ,8000 mAh  ,8.0            ,80         ,95          ,3.7V   
LP813557   ,2200 mAh  ,8.1            ,35         ,57          ,3.7V   
LP813846   ,1750 mAh  ,8.1            ,38         ,46          ,3.7V   
LP814655   ,2800 mAh  ,8.1            ,46         ,55          ,3.7V   
LP8158133  ,9000 mAh  ,8.1            ,58         ,133         ,3.7V   
LP8158145  ,10000 mAh ,8.1            ,58         ,145         ,3.7V   
LP8158156  ,10000 mAh ,8.1            ,58         ,156         ,3.7V   
LP8165123  ,8800 mAh  ,8.1            ,65         ,123         ,3.7V   
LP821520   ,180 mAh   ,8.2            ,15         ,20          ,3.7V   
LP822750   ,1450 mAh  ,8.2            ,27         ,50          ,3.7V   
LP823365   ,2600 mAh  ,8.2            ,33         ,65          ,3.7V   
LP823735   ,1400 mAh  ,8.2            ,37         ,35          ,3.7V   
LP824577   ,4000 mAh  ,8.2            ,45         ,77          ,3.7V   
LP825458   ,3200 mAh  ,8.2            ,54         ,58          ,3.7V   
LP825793   ,5100 mAh  ,8.2            ,57         ,93          ,3.7V   
LP832937   ,950 mAh   ,8.3            ,29         ,37          ,3.7V   
LP833444   ,1600 mAh  ,8.3            ,34         ,44          ,3.7V   
LP833885   ,4100 mAh  ,8.3            ,38         ,85          ,3.7V   
LP834568   ,4000 mAh  ,8.3            ,45         ,68          ,3.7V   
LP834677   ,3950 mAh  ,8.3            ,46         ,77          ,3.7V   
LP834964   ,3500 mAh  ,8.3            ,49         ,64          ,3.7V   
LP843090   ,2600 mAh  ,8.4            ,30         ,90          ,3.7V   
LP843450   ,2000 mAh  ,8.4            ,34         ,50          ,3.7V   
LP844143   ,1950 mAh  ,8.4            ,41         ,43          ,3.7V   
LP845053   ,3500 mAh  ,8.4            ,50         ,53          ,3.7V   
LP845376   ,4700 mAh  ,8.4            ,53         ,76          ,3.7V   
LP845576   ,5000 mAh  ,8.4            ,55         ,76          ,3.7V   
LP851532   ,320 mAh   ,8.5            ,15         ,32          ,3.7V   
LP851740   ,520 mAh   ,8.5            ,17         ,40          ,3.7V   
LP851742   ,630 mAh   ,8.5            ,17         ,42          ,3.7V   
LP852029   ,400 mAh   ,8.5            ,20         ,29          ,3.7V   
LP852548   ,1050 mAh  ,8.5            ,25         ,48          ,3.7V   
LP852766   ,1600 mAh  ,8.5            ,27         ,66          ,3.7V   
LP853362   ,2550 mAh  ,8.5            ,33         ,62          ,3.7V   
LP853437   ,1200 mAh  ,8.5            ,34         ,37          ,3.7V   
LP853450   ,1500 mAh  ,8.5            ,34         ,50          ,3.7V   
LP854291   ,5100 mAh  ,8.5            ,42         ,91          ,3.7V   
LP854345   ,2300 mAh  ,8.5            ,43         ,45          ,3.7V   
LP854375   ,4400 mAh  ,8.5            ,43         ,75          ,3.7V   
LP854476   ,4630 mAh  ,8.5            ,44         ,76          ,3.7V   
LP8548116  ,6800 mAh  ,8.5            ,48         ,116         ,3.7V   
LP8550125  ,5000 mAh  ,8.5            ,50         ,125         ,3.7V   
LP855085   ,5000 mAh  ,8.5            ,50         ,85          ,3.7V   
LP855085   ,4200 mAh  ,8.5            ,50         ,85          ,3.7V   
LP8551116  ,6800 mAh  ,8.5            ,51         ,16          ,3.7V   
LP855165   ,4500 mAh  ,8.5            ,51         ,65          ,3.7V   
LP855360   ,4000 mAh  ,8.5            ,53         ,60          ,3.7V   
LP855566   ,4100 mAh  ,8.5            ,55         ,66          ,3.7V   
LP855566   ,3900 mAh  ,8.5            ,55         ,66          ,3.7V   
LP856065   ,4000 mAh  ,8.5            ,60         ,65          ,3.7V   
LP857563   ,5500 mAh  ,8.5            ,75         ,63          ,3.7V   
LP861633   ,380 mAh   ,8.6            ,16         ,33          ,3.7V   
LP862548   ,1050 mAh  ,8.6            ,25         ,48          ,3.7V   
LP863381   ,3000 mAh  ,8.6            ,33         ,81          ,3.7V   
LP864167   ,3000 mAh  ,8.6            ,41         ,67          ,3.7V   
LP864345   ,2150 mAh  ,8.6            ,43         ,45          ,3.7V   
LP864763   ,4000 mAh  ,8.6            ,47         ,63          ,3.7V   
LP865060   ,3080 mAh  ,8.6            ,50         ,60          ,3.7V   
LP865261   ,4100 mAh  ,8.6            ,52         ,61          ,3.7V   
LP865580   ,5000 mAh  ,8.6            ,55         ,80          ,3.7V   
LP8666100  ,9200 mAh  ,8.6            ,66         ,100         ,3.7V   
LP873078   ,2800 mAh  ,8.7            ,30         ,78          ,3.7V   
LP874356   ,2750 mAh  ,8.7            ,43         ,56          ,3.7V   
LP876179   ,6500 mAh  ,8.7            ,61         ,79          ,3.7V   
LP8766100  ,9200 mAh  ,8.7            ,66         ,100         ,3.7V   
LP882767   ,2000 mAh  ,8.8            ,27         ,67          ,3.7V   
LP883352   ,1500 mAh  ,8.8            ,33         ,52          ,3.7V   
LP883440   ,1560 mAh  ,8.8            ,34         ,40          ,3.7V   
LP883540   ,1550 mAh  ,8.8            ,35         ,40          ,3.7V   
LP8836115  ,5400 mAh  ,8.8            ,36         ,115         ,3.7V   
LP883764   ,2500 mAh  ,8.8            ,37         ,64          ,3.7V   
LP8838123  ,5000 mAh  ,8.8            ,38         ,123         ,3.7V   
LP884353   ,2950 mAh  ,8.8            ,43         ,53          ,3.7V   
LP884368   ,3500 mAh  ,8.8            ,43         ,68          ,3.7V   
LP884566   ,4200 mAh  ,8.8            ,45         ,66          ,3.7V   
LP884960   ,3900 mAh  ,8.8            ,49         ,60          ,3.7V   
LP885367   ,5000 mAh  ,8.8            ,53         ,67          ,3.7V   
LP885693   ,6000 mAh  ,8.8            ,56         ,93          ,3.7V   
LP894481   ,5200 mAh  ,8.9            ,44         ,81          ,3.7V   
LP895666   ,5400 mAh  ,8.9            ,56         ,66          ,3.7V   
LP896090   ,6000 mAh  ,8.9            ,60         ,90          ,3.7V   
LP901540   ,450 mAh   ,9.0            ,15         ,40          ,3.7V   
LP901856   ,700 mAh   ,9.0            ,18         ,56          ,3.7V   
LP902527   ,550 mAh   ,9.0            ,25         ,27          ,3.7V   
LP902929   ,700 mAh   ,9.0            ,29         ,29          ,3.7V   
LP903036   ,850 mAh   ,9.0            ,30         ,36          ,3.7V   
LP903090   ,3000 mAh  ,9.0            ,30         ,90          ,3.7V   
LP903446   ,1850 mAh  ,9.0            ,34         ,46          ,3.7V   
LP903455   ,2000 mAh  ,9.0            ,34         ,55          ,3.7V   
LP903562   ,2000 mAh  ,9.0            ,35         ,62          ,3.7V   
LP903690   ,4300 mAh  ,9.0            ,36         ,90          ,3.7V   
LP903759   ,2450 mAh  ,9.0            ,37         ,59          ,3.7V   
LP903949   ,2450 mAh  ,9.0            ,39         ,49          ,3.7V   
LP904447   ,2000 mAh  ,9.0            ,44         ,47          ,3.7V   
LP904547   ,2000 mAh  ,9.0            ,45         ,47          ,3.7V   
LP905462   ,4600 mAh  ,9              ,54         ,62          ,3.7V   
LP9055160  ,11000 mAh ,9.0            ,55         ,160         ,3.7V   
LP905580   ,5000 mAh  ,9.0            ,55         ,80          ,3.7V   
LP905678   ,6600 mAh  ,9.0            ,56         ,78          ,3.7V   
LP905680   ,6600 mAh  ,9.0            ,56         ,80          ,3.7V   
LP9060100  ,8000 mAh  ,9.0            ,60         ,100         ,3.7V   
LP906090   ,6000 mAh  ,9.0            ,60         ,90          ,3.7V   
LP906184   ,4200 mAh  ,9.0            ,61         ,84          ,3.7V   
LP9065113  ,10000 mAh ,9.0            ,65         ,113         ,3.7V   
LP9065134  ,10000 mAh ,9.0            ,65         ,134         ,3.7V   
LP913759   ,2800 mAh  ,9.1            ,37         ,59          ,3.7V   
LP914774   ,5000 mAh  ,9.1            ,47         ,74          ,3.7V   
LP916670   ,5980 mAh  ,9.1            ,66         ,70          ,3.7V   
LP923247   ,1600 mAh  ,9.2            ,32         ,47          ,3.7V   
LP924261   ,3400 mAh  ,9.2            ,42         ,61          ,3.7V   
LP925063   ,4700 mAh  ,9.2            ,50         ,63          ,3.7V   
LP925266   ,5000 mAh  ,9.2            ,52         ,66          ,3.7V   
LP9253102  ,8000 mAh  ,9.2            ,53         ,102         ,3.7V   
LP9265115  ,10000 mAh ,9.2            ,65         ,115         ,3.7V   
LP933967   ,2250 mAh  ,9.3            ,39         ,67          ,3.7V   
LP933977   ,4000 mAh  ,9.3            ,39         ,77          ,3.7V   
LP934864   ,4100 mAh  ,9.3            ,48         ,64          ,3.7V   
LP935166   ,4800 mAh  ,9.3            ,51         ,66          ,3.7V   
LP9353102  ,8000 mAh  ,9.3            ,53         ,102         ,3.7V   
LP935562   ,5000 mAh  ,9.3            ,55         ,62          ,3.7V   
LP9373129  ,10000 mAh ,9.3            ,73         ,129         ,3.7V   
LP9373129  ,9000 mAh  ,9.3            ,73         ,129         ,3.7V   
LP943874   ,4000 mAh  ,9.4            ,38         ,74          ,3.7V   
LP944086   ,4000 mAh  ,9.4            ,40         ,86          ,3.7V   
LP944365   ,4200 mAh  ,9.4            ,43         ,65          ,3.7V   
LP944655   ,3150 mAh  ,9.4            ,46         ,55          ,3.7V   
LP945065   ,4700 mAh  ,9.4            ,50         ,65          ,3.7V   
LP9525129  ,4000 mAh  ,9.5            ,25         ,129         ,3.7V   
LP952766   ,1950 mAh  ,9.5            ,27         ,66          ,3.7V   
LP953636   ,1450 mAh  ,9.5            ,36         ,36          ,3.7V   
LP953956   ,3000 mAh  ,9.5            ,39         ,56          ,3.7V   
LP9545135  ,7300 mAh  ,9.5            ,45         ,135         ,3.7V   
LP954674   ,4000 mAh  ,9.5            ,46         ,74          ,3.7V   
LP955261   ,4700 mAh  ,9.5            ,52         ,61          ,3.7V   
LP955465   ,5000 mAh  ,9.5            ,54         ,65          ,3.7V   
LP955465   ,4000 mAh  ,9.5            ,54         ,65          ,3.7V   
LP963364   ,2550 mAh  ,9.6            ,33         ,64          ,3.7V   
LP963364   ,3000 mAh  ,9.6            ,33         ,64          ,3.7V   
LP963735   ,1700 mAh  ,9.6            ,37         ,35          ,3.7V   
LP964365   ,4200 mAh  ,9.6            ,43         ,65          ,3.7V   
LP964658   ,4000 mAh  ,9.6            ,46         ,58          ,3.7V   
LP973450   ,2000 mAh  ,9.7            ,34         ,50          ,3.7V   
LP974050   ,2400 mAh  ,9.7            ,40         ,50          ,3.7V   
LP982075   ,1500 mAh  ,9.8            ,20         ,75          ,3.7V   
LP983048   ,1950 mAh  ,9.8            ,30         ,48          ,3.7V   
LP983443   ,1650 mAh  ,9.8            ,34         ,43          ,3.7V   
LP984050   ,2050 mAh  ,9.8            ,40         ,50          ,3.7V   
LP984065   ,3000 mAh  ,9.8            ,40         ,65          ,3.7V   
LP984263   ,3900 mAh  ,9.8            ,42         ,63          ,3.7V   
LP984372   ,4000 mAh  ,9.8            ,43         ,72          ,3.7V   
LP9845125  ,7500 mAh  ,9.8            ,45         ,125         ,3.7V   
LP984564   ,3600 mAh  ,9.8            ,45         ,64          ,3.7V   
LP984567   ,4000 mAh  ,9.8            ,45         ,67          ,3.7V   
LP984770   ,5300 mAh  ,9.8            ,47         ,70          ,3.7V   
LP985056   ,3400 mAh  ,9.8            ,50         ,56          ,3.7V   
LP985068   ,3500 mAh  ,9.8            ,50         ,68          ,3.7V   
LP986077   ,6700 mAh  ,9.8            ,60         ,77          ,3.7V   
LP987680   ,7400 mAh  ,9.8            ,76         ,80          ,3.7V   
LP993450   ,2000 mAh  ,9.9            ,34         ,50          ,3.7V   
LP993450   ,1900 mAh  ,9.9            ,34         ,50          ,3.7V   
LP993848   ,2200 mAh  ,9.9            ,38         ,48          ,3.7V   
LP994251   ,3000 mAh  ,9.9            ,42         ,51          ,3.7V   
LP101719   ,180 mAh   ,10             ,17         ,19          ,3.7V   
LP102649   ,1350 mAh  ,10             ,26         ,49          ,3.7V   
LP103055   ,2350 mAh  ,10             ,30         ,55          ,3.7V   
LP103244   ,1600 mAh  ,10             ,32         ,44          ,3.7V   
LP103245   ,1600 mAh  ,10             ,32         ,45          ,3.7V   
LP103447   ,1800 mAh  ,10             ,34         ,47          ,3.7V   
LP103448   ,1800 mAh  ,10             ,34         ,48          ,3.7V   
LP103662   ,2700 mAh  ,10             ,36         ,62          ,3.7V   
LP103662   ,2700 mAh  ,10             ,36         ,62          ,3.7V   
LP103840   ,1800 mAh  ,10             ,38         ,40          ,3.7V   
LP103848   ,2800 mAh  ,10             ,38         ,48          ,3.7V   
LP103868   ,4000 mAh  ,10             ,38         ,68          ,3.7V   
LP103937   ,2000 mAh  ,10             ,39         ,37          ,3.7V   
LP103946   ,2600 mAh  ,10             ,39         ,46          ,3.7V   
LP103962   ,3400 mAh  ,10             ,39         ,62          ,3.7V   
LP104040   ,1600 mAh  ,10             ,40         ,40          ,3.7V   
LP104040   ,2000 mAh  ,10             ,40         ,40          ,3.7V   
LP104049   ,2950 mAh  ,10             ,40         ,49          ,3.7V   
LP104050   ,2700 mAh  ,10             ,40         ,50          ,3.7V   
LP104050   ,2020 mAh  ,10             ,40         ,50          ,3.7V   
LP104050   ,2950 mAh  ,10             ,40         ,50          ,3.7V   
LP104055   ,3000 mAh  ,10             ,40         ,55          ,3.7V   
LP104056   ,3000 mAh  ,10             ,40         ,56          ,3.7V   
LP104058   ,3000 mAh  ,10             ,40         ,58          ,3.7V   
LP104060   ,3400 mAh  ,10             ,40         ,60          ,3.7V   
LP104070   ,3600 mAh  ,10             ,40         ,70          ,3.7V   
LP104135   ,2000 mAh  ,10             ,41         ,35          ,3.7V   
LP104135   ,1650 mAh  ,10             ,41         ,35          ,3.7V   
LP104158   ,2950 mAh  ,10             ,41         ,58          ,3.7V   
LP104262   ,4000 mAh  ,10             ,42         ,62          ,3.7V   
LP104368   ,4200 mAh  ,10             ,43         ,68          ,3.7V   
LP104368   ,3800 mAh  ,10             ,43         ,68          ,3.7V   
LP104368   ,4500 mAh  ,10             ,43         ,68          ,3.7V   
LP104373   ,5000 mAh  ,10             ,43         ,73          ,3.7V   
LP104443   ,2250 mAh  ,10             ,44         ,43          ,3.7V   
LP104443   ,2600 mAh  ,10             ,44         ,43          ,3.7V   
LP104446   ,2400 mAh  ,10             ,44         ,46          ,3.7V   
LP104545   ,2850 mAh  ,10             ,45         ,45          ,3.7V   
LP104646   ,2950 mAh  ,10             ,46         ,46          ,3.7V   
LP104650   ,3400 mAh  ,10             ,46         ,50          ,3.7V   
LP104769   ,5000 mAh  ,10             ,47         ,69          ,3.7V   
LP104770   ,5000 mAh  ,10             ,47         ,70          ,3.7V   
LP1048160  ,9000 mAh  ,10             ,48         ,60          ,3.7V   
LP104884   ,5000 mAh  ,10             ,48         ,84          ,3.7V   
LP104954   ,4250 mAh  ,10             ,49         ,54          ,3.7V   
LP105052   ,3000 mAh  ,10             ,50         ,52          ,3.7V   
LP105065   ,4000 mAh  ,10             ,50         ,65          ,3.7V   
LP105265   ,5600 mAh  ,10             ,52         ,65          ,3.7V   
LP105359   ,5000 mAh  ,10             ,53         ,59          ,3.7V   
LP105378   ,6400 mAh  ,10             ,53         ,78          ,3.7V   
LP105488   ,7800 mAh  ,10             ,54         ,88          ,3.7V   
LP1055100  ,7500 mAh  ,10             ,55         ,100         ,3.7V   
LP105568   ,5000 mAh  ,10             ,55         ,68          ,3.7V   
LP106070   ,6000 mAh  ,10             ,60         ,70          ,3.7V   
LP106249   ,4000 mAh  ,10             ,62         ,49          ,3.7V   
LP106588   ,8000 mAh  ,10             ,65         ,88          ,3.7V   
LP1152100  ,8000 mAh  ,11             ,52         ,100         ,3.7V   
LP111844   ,840 mAh   ,11             ,18         ,44          ,3.7V   
LP113178   ,3200 mAh  ,11             ,31         ,78          ,3.7V   
LP113355   ,2650 mAh  ,11             ,33         ,55          ,3.7V   
LP113439   ,1950 mAh  ,11             ,34         ,39          ,3.7V   
LP113445   ,1800 mAh  ,11             ,34         ,45          ,3.7V   
LP113450   ,1800 mAh  ,11             ,34         ,50          ,3.7V   
LP113453   ,2620 mAh  ,11             ,34         ,53          ,3.7V   
LP113539   ,1900 mAh  ,11             ,35         ,39          ,3.7V   
LP113539   ,1850 mAh  ,11             ,35         ,39          ,3.7V   
LP113550   ,2600 mAh  ,11             ,35         ,50          ,3.7V   
LP113559   ,3500 mAh  ,11             ,35         ,59          ,3.7V   
LP113636   ,1450 mAh  ,11             ,36         ,36          ,3.7V   
LP113664   ,3800 mAh  ,11             ,36         ,64          ,3.7V   
LP1137105  ,6900 mAh  ,11             ,37         ,105         ,3.7V   
LP113735   ,1950 mAh  ,11             ,37         ,35          ,3.7V   
LP1138114  ,7056 mAh  ,11             ,38         ,114         ,3.7V   
LP113859   ,3200 mAh  ,11             ,38         ,59          ,3.7V   
LP113947   ,3000 mAh  ,11             ,39         ,47          ,3.7V   
LP113949   ,2850 mAh  ,11             ,39         ,49          ,3.7V   
LP113949   ,2650 mAh  ,11             ,39         ,49          ,3.7V   
LP113969   ,3600 mAh  ,11             ,39         ,69          ,3.7V   
LP114049   ,2950 mAh  ,11             ,40         ,49          ,3.7V   
LP114061   ,3800 mAh  ,11             ,40         ,61          ,3.7V   
LP114348   ,3400 mAh  ,11             ,43         ,48          ,3.7V   
LP114366   ,4000 mAh  ,11             ,43         ,66          ,3.7V   
LP1144151  ,3750 mAh  ,11             ,44         ,151         ,3.7V   
LP114443   ,2850 mAh  ,11             ,44         ,43          ,3.7V   
LP114443   ,2800 mAh  ,11             ,44         ,43          ,3.7V   
LP114542   ,2800 mAh  ,11             ,45         ,42          ,3.7V   
LP114545   ,3200 mAh  ,11             ,45         ,45          ,3.7V   
LP114564   ,4650 mAh  ,11             ,45         ,64          ,3.7V   
LP114647   ,3100 mAh  ,11             ,46         ,47          ,3.7V   
LP114760   ,2800 mAh  ,11             ,47         ,60          ,3.7V   
LP114763   ,4700 mAh  ,11             ,47         ,63          ,3.7V   
LP115053   ,4700 mAh  ,11             ,50         ,53          ,3.7V   
LP115453   ,5000 mAh  ,11             ,54         ,53          ,3.7V   
LP115570   ,5000 mAh  ,11             ,55         ,70          ,3.7V   
LP115570   ,4000 mAh  ,11             ,55         ,70          ,3.7V   
LP1160100  ,10000 mAh ,11             ,60         ,100         ,3.7V   
LP1165113  ,10000 mAh ,11             ,65         ,113         ,3.7V   
LP117996   ,8000 mAh  ,11             ,79         ,96          ,3.7V   
LP1190185  ,23000 mAh ,11             ,90         ,185         ,3.7V   
LP122056   ,1300 mAh  ,12             ,20         ,56          ,3.7V   
LP122222   ,280 mAh   ,12             ,22         ,22          ,3.7V   
LP122542   ,1100 mAh  ,12             ,25         ,42          ,3.7V   
LP122735   ,950 mAh   ,12             ,27         ,35          ,3.7V   
LP122940   ,1750 mAh  ,12             ,29         ,40          ,3.7V   
LP122940   ,1800 mAh  ,12             ,29         ,40          ,3.7V   
LP123158   ,2550 mAh  ,12             ,31         ,58          ,3.7V   
LP123235   ,1700 mAh  ,12             ,32         ,35          ,3.7V   
LP123373   ,3800 mAh  ,12             ,33         ,73          ,3.7V   
LP123450   ,2750 mAh  ,12             ,34         ,50          ,3.7V   
LP123450   ,2000 mAh  ,12             ,34         ,50          ,3.7V   
LP123450   ,1600 mAh  ,12             ,34         ,50          ,3.7V   
LP123837   ,2300 mAh  ,12             ,38         ,37          ,3.7V   
LP123840   ,2200 mAh  ,12             ,38         ,40          ,3.7V   
LP123840   ,2400 mAh  ,12             ,38         ,40          ,3.7V   
LP123840   ,2450 mAh  ,12             ,38         ,40          ,3.7V   
LP123846   ,2900 mAh  ,12             ,38         ,46          ,3.7V   
LP123863   ,4000 mAh  ,12             ,38         ,63          ,3.7V   
LP123949   ,3350 mAh  ,12             ,39         ,49          ,3.7V   
LP123967   ,4500 mAh  ,12             ,39         ,67          ,3.7V   
LP124040   ,2700 mAh  ,12             ,40         ,40          ,3.7V   
LP124042   ,2700 mAh  ,12             ,40         ,42          ,3.7V   
LP124052   ,3100 mAh  ,12             ,40         ,52          ,3.7V   
LP124065   ,4000 mAh  ,12             ,40         ,65          ,3.7V   
LP124147   ,2600 mAh  ,12             ,41         ,47          ,3.7V   
LP124345   ,3400 mAh  ,12             ,43         ,45          ,3.7V   
LP124575   ,5400 mAh  ,12             ,45         ,75          ,3.7V   
LP124770   ,6000 mAh  ,12             ,47         ,70          ,3.7V   
LP124962   ,5600 mAh  ,12             ,49         ,62          ,3.7V   
LP124962   ,5500 mAh  ,12             ,49         ,62          ,3.7V   
LP125065   ,5000 mAh  ,12             ,50         ,65          ,3.7V   
LP125247   ,4250 mAh  ,12             ,52         ,47          ,3.7V   
LP125678   ,8000 mAh  ,12             ,56         ,78          ,3.7V   
LP1260100  ,10000 mAh ,12             ,60         ,100         ,3.7V   
LP1260110  ,10000 mAh ,12             ,60         ,110         ,3.7V   
LP1260110  ,9500 mAh  ,12             ,60         ,110         ,3.7V   
LP1260110  ,9000 mAh  ,12             ,60         ,110         ,3.7V   
LP1260110  ,8000 mAh  ,12             ,60         ,110         ,3.7V   
LP126090   ,8000 mAh  ,12             ,60         ,90          ,3.7V   
LP126280   ,10000 mAh ,12             ,62         ,80          ,3.7V   
LP126365   ,6500 mAh  ,12             ,63         ,65          ,3.7V   
LP1270130  ,11000 mAh ,12             ,70         ,130         ,3.7V   
LP132840   ,1250 mAh  ,13             ,28         ,40          ,3.7V   
LP133755   ,3850 mAh  ,13             ,37         ,55          ,3.7V   
LP133840   ,2500 mAh  ,13             ,38         ,40          ,3.7V   
LP134053   ,3500 mAh  ,13             ,40         ,53          ,3.7V   
LP134055   ,3500 mAh  ,13             ,40         ,55          ,3.7V   
LP134068   ,4400 mAh  ,13             ,40         ,68          ,3.7V   
LP134363   ,4500 mAh  ,13             ,43         ,63          ,3.7V   
LP134663   ,5000 mAh  ,13             ,46         ,63          ,3.7V   
LP135098   ,9300 mAh  ,13             ,50         ,98          ,3.7V   
LP137674   ,10000 mAh ,13             ,76         ,74          ,3.7V   
